
insert into user values (456693446, 'joao', 913674287);
insert into user values (764379359, 'mariana', 916758325);
insert into user values (523768478, 'facas', 925476895);
insert into user values (564325746, 'rui', 965468592);
insert into user values (534669654, 'pedro', 914638638);
insert into user values (678658567, 'maria', 960986969);
insert into user values (163496494, 'ana', 966543996);

insert into fiscal values (64676498, 'ist');
insert into fiscal values (65743833, 'maca lda');
insert into fiscal values (93578205, 'xp company');
insert into fiscal values (35564633, 'tlm soft');
insert into fiscal values (87365399, 'sportX');
insert into fiscal values (43242355, 'H2O!!');
insert into fiscal values (43456783, 'eletro');
insert into fiscal values (19496540, 'CCC');

insert into edificio values ('coimbra');
insert into edificio values ('lisboa');
insert into edificio values ('cascais');
insert into edificio values ('porto');
insert into edificio values ('mafra');
insert into edificio values ('oeiras');
insert into edificio values ('porto salvo');
insert into edificio values ('laranjeiras');

/*espacos de trabalho*/
insert into alugavel values ('coimbra', 100000, null); 
insert into alugavel values ('lisboa', 100000, 'empregado do mes'); 
insert into alugavel values ('lisboa', 200000, 'empregado do mes'); 
insert into alugavel values ('lisboa', 300000, 'empregado do mes'); 
insert into alugavel values ('cascais', 100000, 'chefe'); 
insert into alugavel values ('cascais', 200000, 'chefe'); 
insert into alugavel values ('porto', 100000, 'atitude positiva'); 
insert into alugavel values ('porto', 200000, 'atitude positiva'); 
insert into alugavel values ('porto', 300000, 'atitude positiva'); 
insert into alugavel values ('porto', 400000, 'atitude positiva'); 
insert into alugavel values ('mafra', 100000, 'retrato'); 
insert into alugavel values ('oeiras', 100000, null); 
insert into alugavel values ('oeiras', 200000, null); 
insert into alugavel values ('oeiras', 300000, null); 
insert into alugavel values ('oeiras', 400000, null); 
insert into alugavel values ('porto salvo', 100000, 'empregado do mes'); 
insert into alugavel values ('laranjeiras', 100000, 'proprio'); 

/*postos de trabalho*/
insert into alugavel values ('coimbra', 100001, 'chefe');
insert into alugavel values ('coimbra', 100002, 'chefe');
insert into alugavel values ('coimbra', 100003, 'chefe');
insert into alugavel values ('coimbra', 100004, 'chefe');
insert into alugavel values ('lisboa', 100001, 'empresa');
insert into alugavel values ('lisboa', 100002, 'empresa');
insert into alugavel values ('lisboa', 100003, 'empresa');
insert into alugavel values ('lisboa', 200001, 'empresa');
insert into alugavel values ('lisboa', 200002, 'empresa');
insert into alugavel values ('lisboa', 300001, 'empresa');
insert into alugavel values ('lisboa', 300002, 'empresa');
insert into alugavel values ('lisboa', 300003, 'empresa');
insert into alugavel values ('lisboa', 300004, 'casual'); 
insert into alugavel values ('lisboa', 300005, null);
insert into alugavel values ('cascais', 100001, 'chefe'); 
insert into alugavel values ('cascais', 100002, 'chefe'); 
insert into alugavel values ('cascais', 100003, 'chefe'); 
insert into alugavel values ('cascais', 100004, 'chefe'); 
insert into alugavel values ('cascais', 100005, 'chefe'); 
insert into alugavel values ('cascais', 200001, 'chefe'); 
insert into alugavel values ('porto', 100001, 'atitude positiva'); 
insert into alugavel values ('porto', 100002, 'atitude positiva'); 
insert into alugavel values ('porto', 100003, 'atitude positiva'); 
insert into alugavel values ('porto', 200001, 'atitude positiva'); 
insert into alugavel values ('porto', 200002, 'atitude positiva'); 
insert into alugavel values ('porto', 300001, 'atitude positiva'); 
insert into alugavel values ('porto', 300002, 'atitude positiva'); 
insert into alugavel values ('mafra', 100001, null); 
insert into alugavel values ('mafra', 100002, null); 
insert into alugavel values ('mafra', 100003, null); 
insert into alugavel values ('mafra', 100004, null); 
insert into alugavel values ('mafra', 100005, null); 
insert into alugavel values ('laranjeiras', 100001, 'proprio'); 
insert into alugavel values ('laranjeiras', 100002, 'proprio'); 
insert into alugavel values ('laranjeiras', 100003, 'proprio'); 
insert into alugavel values ('laranjeiras', 100004, 'proprio'); 

insert into arrenda values ('coimbra', 100002, 523768478);
insert into arrenda values ('coimbra', 100003, 163496494);
insert into arrenda values ('oeiras', 300000, 564325746);
insert into arrenda values ('porto', 200002, 456693446);
insert into arrenda values ('laranjeiras', 100004, 534669654);
insert into arrenda values ('mafra', 100005, 523768478);
insert into arrenda values ('porto salvo', 100000, 764379359);
insert into arrenda values ('coimbra', 100004, 678658567);
insert into arrenda values ('mafra', 100004, 678658567);
insert into arrenda values ('lisboa', 300005, 523768478);
insert into arrenda values ('lisboa', 200002, 764379359);

insert into fiscaliza values (35564633, 'coimbra', 100002);
insert into fiscaliza values (65743833, 'coimbra', 100003);
insert into fiscaliza values (64676498, 'oeiras', 300000);
insert into fiscaliza values (43456783, 'porto', 200002);
insert into fiscaliza values (19496540, 'laranjeiras', 100004);
insert into fiscaliza values (35564633, 'mafra', 100005);
insert into fiscaliza values (87365399, 'porto salvo', 100000);
insert into fiscaliza values (43242355, 'coimbra', 100004);
insert into fiscaliza values (35564633, 'mafra', 100004);
insert into fiscaliza values (43456783, 'lisboa', 300005);
insert into fiscaliza values (93578205, 'lisboa', 200002);
insert into fiscaliza values (93578205, 'oeiras', 300000);

insert into espaco values ('coimbra', 100000); 
insert into espaco values ('lisboa', 100000); 
insert into espaco values ('lisboa', 200000); 
insert into espaco values ('lisboa', 300000); 
insert into espaco values ('cascais', 100000); 
insert into espaco values ('cascais', 200000); 
insert into espaco values ('porto', 100000); 
insert into espaco values ('porto', 200000); 
insert into espaco values ('porto', 300000); 
insert into espaco values ('porto', 400000); 
insert into espaco values ('mafra', 100000); 
insert into espaco values ('oeiras', 100000); 
insert into espaco values ('oeiras', 200000); 
insert into espaco values ('oeiras', 300000); 
insert into espaco values ('oeiras', 400000); 
insert into espaco values ('porto salvo', 100000); 
insert into espaco values ('laranjeiras', 100000); 

insert into posto values ('coimbra', 100001, 100000);
insert into posto values ('coimbra', 100002, 100000);
insert into posto values ('coimbra', 100003, 100000);
insert into posto values ('coimbra', 100004, 100000);
insert into posto values ('lisboa', 100001, 100000);
insert into posto values ('lisboa', 100002, 100000);
insert into posto values ('lisboa', 100003, 100000);
insert into posto values ('lisboa', 200001, 200000);
insert into posto values ('lisboa', 200002, 200000);
insert into posto values ('lisboa', 300001, 300000);
insert into posto values ('lisboa', 300002, 300000);
insert into posto values ('lisboa', 300003, 300000);
insert into posto values ('lisboa', 300004, 300000);
insert into posto values ('lisboa', 300005, 300000);
insert into posto values ('cascais', 100001, 100000);
insert into posto values ('cascais', 100002, 100000);
insert into posto values ('cascais', 100003, 100000);
insert into posto values ('cascais', 100004, 100000);
insert into posto values ('cascais', 100005, 100000);
insert into posto values ('cascais', 200001, 200000);
insert into posto values ('porto', 100001, 100000);
insert into posto values ('porto', 100002, 100000);
insert into posto values ('porto', 100003, 100000);
insert into posto values ('porto', 200001, 200000);
insert into posto values ('porto', 200002, 200000);
insert into posto values ('porto', 300001, 300000);
insert into posto values ('porto', 300002, 300000);
insert into posto values ('mafra', 100001, 100000);
insert into posto values ('mafra', 100002, 100000);
insert into posto values ('mafra', 100003, 100000);
insert into posto values ('mafra', 100004, 100000);
insert into posto values ('mafra', 100005, 100000);
insert into posto values ('laranjeiras', 100001, 100000);
insert into posto values ('laranjeiras', 100002, 100000);
insert into posto values ('laranjeiras', 100003, 100000);
insert into posto values ('laranjeiras', 100004, 100000);

insert into oferta values ('coimbra', 100000, date('2016-01-01'), date('2016-01-31'), 470);
insert into oferta values ('coimbra', 100000, date('2016-02-01'), date('2016-02-28'), 600);
insert into oferta values ('coimbra', 100000, date('2016-03-01'), date('2016-03-31'), 740);
insert into oferta values ('coimbra', 100004, date('2016-06-21'), date('2016-07-20'), 1750);
insert into oferta values ('coimbra', 100004, date('2016-06-25'), date('2016-07-24'), 1750);
insert into oferta values ('coimbra', 100004, date('2016-05-25'), date('2016-06-24'), 1750);
insert into oferta values ('coimbra', 100004, date('2016-05-25'), date('2016-07-25'), 1750);
insert into oferta values ('lisboa', 200000, date('2016-07-25'), date('2016-08-01'), 640);
insert into oferta values ('lisboa', 200001, date('2016-01-01'), date('2016-01-07'), 240);
insert into oferta values ('lisboa', 200001, date('2016-01-08'), date('2016-01-14'), 1400);
insert into oferta values ('lisboa', 100002, date('2016-01-01'), date('2016-01-31'), 700);
insert into oferta values ('lisboa', 200002, date('2016-01-01'), date('2016-01-31'), 800);
insert into oferta values ('cascais', 200001, date('2016-05-11'), date('2016-06-10'), 406);
insert into oferta values ('porto', 200002, date('2016-01-01'), date('2016-01-31'), 640);
insert into oferta values ('porto', 200001, date('2016-01-01'), date('2016-01-31'), 640);
insert into oferta values ('porto', 200001, date('2016-02-01'), date('2016-02-28'), 640);
insert into oferta values ('mafra', 100003, date('2016-01-01'), date('2016-01-31'), 640);
insert into oferta values ('mafra', 100004, date('2016-01-01'), date('2016-01-31'), 2000);
insert into oferta values ('oeiras', 300000, date('2016-10-03'), date('2016-10-10'), 900);
insert into oferta values ('oeiras', 200000, date('2016-01-11'), date('2016-01-18'), 530);
insert into oferta values ('porto salvo', 100000, date('2017-01-01'), date('2017-01-31'), 700);
insert into oferta values ('laranjeiras', 100003, date('2016-05-21'), date('2016-06-20'), 2000);

insert into reserva values (1);
insert into reserva values (2);
insert into reserva values (3);
insert into reserva values (4);
insert into reserva values (5);
insert into reserva values (6);
insert into reserva values (7);
insert into reserva values (8);
insert into reserva values (9);
insert into reserva values (10);
insert into reserva values (11);
insert into reserva values (12);
insert into reserva values (13);
insert into reserva values (14);
insert into reserva values (15);
insert into reserva values (16);
insert into reserva values (17);
insert into reserva values (18);
insert into reserva values (19);
insert into reserva values (20);

insert into aluga values ('coimbra', 100000, date('2016-01-01'), 456693446, 1);
insert into aluga values ('coimbra', 100000, date('2016-02-01'), 764379359, 2);
insert into aluga values ('coimbra', 100000, date('2016-03-01'), 523768478, 3);
insert into aluga values ('coimbra', 100000, date('2016-01-01'), 163496494, 17);
insert into aluga values ('coimbra', 100000, date('2016-01-01'), 678658567, 18);
insert into aluga values ('lisboa', 200001, date('2016-01-08'), 564325746, 4);
insert into aluga values ('lisboa', 200001, date('2016-01-01'), 534669654, 5);
insert into aluga values ('lisboa', 200000, date('2016-07-25'), 764379359, 9);
insert into aluga values ('lisboa', 100002, date('2016-01-01'), 534669654, 14);
insert into aluga values ('lisboa', 200002, date('2016-01-01'), 764379359, 16);
insert into aluga values ('cascais', 200001, date('2016-05-11'), 564325746, 11);
insert into aluga values ('porto', 200002, date('2016-01-01'), 564325746, 10);
insert into aluga values ('porto', 200001, date('2016-01-01'), 456693446, 13);
insert into aluga values ('porto', 200001, date('2016-02-01'), 456693446, 20);
insert into aluga values ('mafra', 100003, date('2016-01-01'), 523768478, 12);
insert into aluga values ('mafra', 100004, date('2016-01-01'), 678658567, 15);
insert into aluga values ('oeiras', 300000, date('2016-10-03'), 163496494, 8);
insert into aluga values ('oeiras', 300000, date('2016-10-03'), 764379359, 19);
insert into aluga values ('porto salvo', 100000, date('2017-01-01'), 456693446, 7);
insert into aluga values ('laranjeiras', 100003, date('2016-05-21'), 678658567, 6);

insert into estado values (1, '2016-01-02 10:43:41', 'Pendente');
insert into estado values (2, '2016-02-02 12:33:32', 'Pendente');
insert into estado values (3, '2016-03-02 15:54:12', 'Pendente');
insert into estado values (4, '2016-01-09 09:45:00', 'Pendente');
insert into estado values (5, '2016-01-02 08:17:48', 'Pendente');
insert into estado values (6, '2016-05-22 23:27:54', 'Pendente');
insert into estado values (7, '2017-01-02 16:04:04', 'Pendente');
insert into estado values (8, '2016-10-04 13:39:49', 'Pendente');
insert into estado values (9, '2016-07-26 02:20:00', 'Pendente');
insert into estado values (10, '2016-01-01 01:45:26', 'Pendente');
insert into estado values (11, '2016-05-11 17:32:32', 'Pendente');
insert into estado values (12, '2016-01-01 19:24:41', 'Pendente');
insert into estado values (13, '2016-01-01 05:53:13', 'Pendente');
insert into estado values (14, '2016-01-01 10:10:31', 'Pendente');
insert into estado values (15, '2016-01-01 03:43:19', 'Pendente');
insert into estado values (16, '2016-01-01 12:24:53', 'Pendente');
insert into estado values (17, '2016-01-01 03:43:53', 'Pendente');
insert into estado values (18, '2016-01-01 12:53:23', 'Pendente');
insert into estado values (19, '2016-10-03 09:52:06', 'Pendente');
insert into estado values (20, '2016-02-01 22:52:18', 'Pendente');
insert into estado values (1, '2016-01-02 16:43:41', 'Aceite');
insert into estado values (3, '2016-03-03 12:54:12', 'Declinada');
insert into estado values (4, '2016-01-10 13:45:00', 'Cancelada');
insert into estado values (5, '2016-01-02 09:17:48', 'Aceite');
insert into estado values (8, '2016-10-04 21:39:49', 'Cancelada');
insert into estado values (9, '2016-07-26 17:20:00', 'Cancelada');
insert into estado values (10, '2016-01-01 14:35:59', 'Aceite');
insert into estado values (11, '2016-05-11 19:33:32', 'Declinada');
insert into estado values (12, '2016-01-02 12:24:41', 'Declinada');
insert into estado values (13, '2016-01-04 11:53:13', 'Aceite');
insert into estado values (15, '2016-01-01 11:43:19', 'Cancelada');
insert into estado values (16, '2016-01-02 23:24:53', 'Declinada');
insert into estado values (17, '2016-01-01 07:43:53', 'Cancelada');
insert into estado values (18, '2016-01-01 18:53:23', 'Declinada');
insert into estado values (19, '2016-10-03 09:59:06', 'Aceite');
insert into estado values (20, '2016-02-02 00:00:00', 'Aceite');

insert into paga values (1, '2016-01-03 16:43:41', 'visa');
insert into paga values (5, '2016-01-02 10:17:48', 'dinheiro');
insert into paga values (10, '2016-01-02 14:35:59', 'paypal');
insert into paga values (13, '2016-01-04 11:53:14', 'dinheiro');
insert into paga values (19, '2016-10-04 00:00:00', 'visa');
insert into paga values (20, '2016-02-02 02:00:00', 'visa');
